{"0":{"BeginMon":915148800000,"Delivered":0,"Consumed":0,"Cellar":0},"1":{"BeginMon":917827200000,"Delivered":0,"Consumed":0,"Cellar":0},"2":{"BeginMon":920246400000,"Delivered":0,"Consumed":0,"Cellar":0},"3":{"BeginMon":922924800000,"Delivered":0,"Consumed":0,"Cellar":0},"4":{"BeginMon":925516800000,"Delivered":0,"Consumed":0,"Cellar":0},"5":{"BeginMon":928195200000,"Delivered":0,"Consumed":0,"Cellar":0},"6":{"BeginMon":930787200000,"Delivered":0,"Consumed":0,"Cellar":0},"7":{"BeginMon":933465600000,"Delivered":0,"Consumed":0,"Cellar":0},"8":{"BeginMon":936144000000,"Delivered":2,"Consumed":0,"Cellar":2},"9":{"BeginMon":938736000000,"Delivered":0,"Consumed":0,"Cellar":2},"10":{"BeginMon":941414400000,"Delivered":0,"Consumed":0,"Cellar":2},"11":{"BeginMon":944006400000,"Delivered":0,"Consumed":0,"Cellar":2},"12":{"BeginMon":946684800000,"Delivered":0,"Consumed":0,"Cellar":2},"13":{"BeginMon":949363200000,"Delivered":0,"Consumed":0,"Cellar":2},"14":{"BeginMon":951868800000,"Delivered":0,"Consumed":0,"Cellar":2},"15":{"BeginMon":954547200000,"Delivered":0,"Consumed":0,"Cellar":2},"16":{"BeginMon":957139200000,"Delivered":0,"Consumed":0,"Cellar":2},"17":{"BeginMon":959817600000,"Delivered":0,"Consumed":0,"Cellar":2},"18":{"BeginMon":962409600000,"Delivered":11,"Consumed":0,"Cellar":13},"19":{"BeginMon":965088000000,"Delivered":0,"Consumed":0,"Cellar":13},"20":{"BeginMon":967766400000,"Delivered":0,"Consumed":0,"Cellar":13},"21":{"BeginMon":970358400000,"Delivered":0,"Consumed":0,"Cellar":13},"22":{"BeginMon":973036800000,"Delivered":0,"Consumed":0,"Cellar":13},"23":{"BeginMon":975628800000,"Delivered":0,"Consumed":0,"Cellar":13},"24":{"BeginMon":978307200000,"Delivered":0,"Consumed":0,"Cellar":13},"25":{"BeginMon":980985600000,"Delivered":0,"Consumed":0,"Cellar":13},"26":{"BeginMon":983404800000,"Delivered":0,"Consumed":0,"Cellar":13},"27":{"BeginMon":986083200000,"Delivered":0,"Consumed":0,"Cellar":13},"28":{"BeginMon":988675200000,"Delivered":1,"Consumed":0,"Cellar":14},"29":{"BeginMon":991353600000,"Delivered":0,"Consumed":0,"Cellar":14},"30":{"BeginMon":993945600000,"Delivered":1,"Consumed":0,"Cellar":15},"31":{"BeginMon":996624000000,"Delivered":5,"Consumed":0,"Cellar":20},"32":{"BeginMon":999302400000,"Delivered":2,"Consumed":0,"Cellar":22},"33":{"BeginMon":1001894400000,"Delivered":1,"Consumed":0,"Cellar":23},"34":{"BeginMon":1004572800000,"Delivered":5,"Consumed":0,"Cellar":28},"35":{"BeginMon":1007164800000,"Delivered":0,"Consumed":0,"Cellar":28},"36":{"BeginMon":1009843200000,"Delivered":230,"Consumed":0,"Cellar":258},"37":{"BeginMon":1012521600000,"Delivered":138,"Consumed":0,"Cellar":396},"38":{"BeginMon":1014940800000,"Delivered":47,"Consumed":0,"Cellar":443},"39":{"BeginMon":1017619200000,"Delivered":47,"Consumed":2,"Cellar":488},"40":{"BeginMon":1020211200000,"Delivered":47,"Consumed":0,"Cellar":535},"41":{"BeginMon":1022889600000,"Delivered":12,"Consumed":10,"Cellar":537},"42":{"BeginMon":1025481600000,"Delivered":16,"Consumed":4,"Cellar":549},"43":{"BeginMon":1028160000000,"Delivered":49,"Consumed":6,"Cellar":592},"44":{"BeginMon":1030838400000,"Delivered":63,"Consumed":5,"Cellar":650},"45":{"BeginMon":1033430400000,"Delivered":50,"Consumed":3,"Cellar":697},"46":{"BeginMon":1036108800000,"Delivered":39,"Consumed":9,"Cellar":727},"47":{"BeginMon":1038700800000,"Delivered":36,"Consumed":19,"Cellar":744},"48":{"BeginMon":1041379200000,"Delivered":53,"Consumed":19,"Cellar":778},"49":{"BeginMon":1044057600000,"Delivered":43,"Consumed":14,"Cellar":807},"50":{"BeginMon":1046476800000,"Delivered":116,"Consumed":26,"Cellar":897},"51":{"BeginMon":1049155200000,"Delivered":81,"Consumed":20,"Cellar":958},"52":{"BeginMon":1051747200000,"Delivered":108,"Consumed":15,"Cellar":1051},"53":{"BeginMon":1054425600000,"Delivered":36,"Consumed":26,"Cellar":1061},"54":{"BeginMon":1057017600000,"Delivered":19,"Consumed":41,"Cellar":1039},"55":{"BeginMon":1059696000000,"Delivered":55,"Consumed":31,"Cellar":1063},"56":{"BeginMon":1062374400000,"Delivered":65,"Consumed":33,"Cellar":1095},"57":{"BeginMon":1064966400000,"Delivered":77,"Consumed":29,"Cellar":1143},"58":{"BeginMon":1067644800000,"Delivered":111,"Consumed":34,"Cellar":1220},"59":{"BeginMon":1070236800000,"Delivered":153,"Consumed":30,"Cellar":1343},"60":{"BeginMon":1072915200000,"Delivered":25,"Consumed":28,"Cellar":1340},"61":{"BeginMon":1075593600000,"Delivered":101,"Consumed":28,"Cellar":1413},"62":{"BeginMon":1078099200000,"Delivered":64,"Consumed":25,"Cellar":1452},"63":{"BeginMon":1080777600000,"Delivered":104,"Consumed":29,"Cellar":1527},"64":{"BeginMon":1083369600000,"Delivered":173,"Consumed":32,"Cellar":1668},"65":{"BeginMon":1086048000000,"Delivered":56,"Consumed":16,"Cellar":1708},"66":{"BeginMon":1088640000000,"Delivered":63,"Consumed":32,"Cellar":1739},"67":{"BeginMon":1091318400000,"Delivered":41,"Consumed":31,"Cellar":1749},"68":{"BeginMon":1093996800000,"Delivered":74,"Consumed":28,"Cellar":1795},"69":{"BeginMon":1096588800000,"Delivered":75,"Consumed":23,"Cellar":1847},"70":{"BeginMon":1099267200000,"Delivered":104,"Consumed":40,"Cellar":1911},"71":{"BeginMon":1101859200000,"Delivered":89,"Consumed":37,"Cellar":1963},"72":{"BeginMon":1104537600000,"Delivered":64,"Consumed":32,"Cellar":1995},"73":{"BeginMon":1107216000000,"Delivered":29,"Consumed":19,"Cellar":2005},"74":{"BeginMon":1109635200000,"Delivered":57,"Consumed":30,"Cellar":2032},"75":{"BeginMon":1112313600000,"Delivered":67,"Consumed":55,"Cellar":2044},"76":{"BeginMon":1114905600000,"Delivered":138,"Consumed":44,"Cellar":2138},"77":{"BeginMon":1117584000000,"Delivered":58,"Consumed":26,"Cellar":2170},"78":{"BeginMon":1120176000000,"Delivered":46,"Consumed":71,"Cellar":2145},"79":{"BeginMon":1122854400000,"Delivered":36,"Consumed":49,"Cellar":2132},"80":{"BeginMon":1125532800000,"Delivered":61,"Consumed":33,"Cellar":2160},"81":{"BeginMon":1128124800000,"Delivered":40,"Consumed":33,"Cellar":2167},"82":{"BeginMon":1130803200000,"Delivered":60,"Consumed":25,"Cellar":2202},"83":{"BeginMon":1133395200000,"Delivered":97,"Consumed":38,"Cellar":2261},"84":{"BeginMon":1136073600000,"Delivered":207,"Consumed":38,"Cellar":2430},"85":{"BeginMon":1138752000000,"Delivered":22,"Consumed":33,"Cellar":2419},"86":{"BeginMon":1141171200000,"Delivered":81,"Consumed":40,"Cellar":2460},"87":{"BeginMon":1143849600000,"Delivered":44,"Consumed":32,"Cellar":2472},"88":{"BeginMon":1146441600000,"Delivered":86,"Consumed":42,"Cellar":2516},"89":{"BeginMon":1149120000000,"Delivered":60,"Consumed":34,"Cellar":2542},"90":{"BeginMon":1151712000000,"Delivered":9,"Consumed":23,"Cellar":2528},"91":{"BeginMon":1154390400000,"Delivered":52,"Consumed":20,"Cellar":2560},"92":{"BeginMon":1157068800000,"Delivered":57,"Consumed":20,"Cellar":2597},"93":{"BeginMon":1159660800000,"Delivered":53,"Consumed":23,"Cellar":2627},"94":{"BeginMon":1162339200000,"Delivered":83,"Consumed":52,"Cellar":2658},"95":{"BeginMon":1164931200000,"Delivered":89,"Consumed":48,"Cellar":2699},"96":{"BeginMon":1167609600000,"Delivered":81,"Consumed":50,"Cellar":2730},"97":{"BeginMon":1170288000000,"Delivered":343,"Consumed":33,"Cellar":3040},"98":{"BeginMon":1172707200000,"Delivered":50,"Consumed":5,"Cellar":3085},"99":{"BeginMon":1175385600000,"Delivered":46,"Consumed":32,"Cellar":3099},"100":{"BeginMon":1177977600000,"Delivered":185,"Consumed":15,"Cellar":3269},"101":{"BeginMon":1180656000000,"Delivered":21,"Consumed":21,"Cellar":3269},"102":{"BeginMon":1183248000000,"Delivered":17,"Consumed":24,"Cellar":3262},"103":{"BeginMon":1185926400000,"Delivered":16,"Consumed":44,"Cellar":3234},"104":{"BeginMon":1188604800000,"Delivered":31,"Consumed":87,"Cellar":3178},"105":{"BeginMon":1191196800000,"Delivered":29,"Consumed":56,"Cellar":3151},"106":{"BeginMon":1193875200000,"Delivered":94,"Consumed":36,"Cellar":3209},"107":{"BeginMon":1196467200000,"Delivered":264,"Consumed":46,"Cellar":3427},"108":{"BeginMon":1199145600000,"Delivered":31,"Consumed":17,"Cellar":3441},"109":{"BeginMon":1201824000000,"Delivered":18,"Consumed":29,"Cellar":3430},"110":{"BeginMon":1204329600000,"Delivered":28,"Consumed":49,"Cellar":3409},"111":{"BeginMon":1207008000000,"Delivered":45,"Consumed":58,"Cellar":3396},"112":{"BeginMon":1209600000000,"Delivered":72,"Consumed":28,"Cellar":3440},"113":{"BeginMon":1212278400000,"Delivered":14,"Consumed":39,"Cellar":3415},"114":{"BeginMon":1214870400000,"Delivered":16,"Consumed":30,"Cellar":3401},"115":{"BeginMon":1217548800000,"Delivered":11,"Consumed":34,"Cellar":3378},"116":{"BeginMon":1220227200000,"Delivered":30,"Consumed":63,"Cellar":3345},"117":{"BeginMon":1222819200000,"Delivered":21,"Consumed":20,"Cellar":3346},"118":{"BeginMon":1225497600000,"Delivered":193,"Consumed":25,"Cellar":3514},"119":{"BeginMon":1228089600000,"Delivered":63,"Consumed":24,"Cellar":3553},"120":{"BeginMon":1230768000000,"Delivered":0,"Consumed":16,"Cellar":3537},"121":{"BeginMon":1233446400000,"Delivered":0,"Consumed":39,"Cellar":3498},"122":{"BeginMon":1235865600000,"Delivered":6,"Consumed":18,"Cellar":3486},"123":{"BeginMon":1238544000000,"Delivered":24,"Consumed":25,"Cellar":3485},"124":{"BeginMon":1241136000000,"Delivered":2,"Consumed":32,"Cellar":3455},"125":{"BeginMon":1243814400000,"Delivered":0,"Consumed":30,"Cellar":3425},"126":{"BeginMon":1246406400000,"Delivered":1,"Consumed":23,"Cellar":3403},"127":{"BeginMon":1249084800000,"Delivered":0,"Consumed":36,"Cellar":3367},"128":{"BeginMon":1251763200000,"Delivered":12,"Consumed":34,"Cellar":3345},"129":{"BeginMon":1254355200000,"Delivered":2,"Consumed":50,"Cellar":3297},"130":{"BeginMon":1257033600000,"Delivered":11,"Consumed":19,"Cellar":3289},"131":{"BeginMon":1259625600000,"Delivered":4,"Consumed":34,"Cellar":3259},"132":{"BeginMon":1262304000000,"Delivered":2,"Consumed":21,"Cellar":3240},"133":{"BeginMon":1264982400000,"Delivered":6,"Consumed":24,"Cellar":3222},"134":{"BeginMon":1267401600000,"Delivered":13,"Consumed":35,"Cellar":3200},"135":{"BeginMon":1270080000000,"Delivered":23,"Consumed":21,"Cellar":3202},"136":{"BeginMon":1272672000000,"Delivered":10,"Consumed":26,"Cellar":3186},"137":{"BeginMon":1275350400000,"Delivered":3,"Consumed":25,"Cellar":3164},"138":{"BeginMon":1277942400000,"Delivered":1,"Consumed":20,"Cellar":3145},"139":{"BeginMon":1280620800000,"Delivered":5,"Consumed":29,"Cellar":3121},"140":{"BeginMon":1283299200000,"Delivered":19,"Consumed":25,"Cellar":3115},"141":{"BeginMon":1285891200000,"Delivered":17,"Consumed":34,"Cellar":3098},"142":{"BeginMon":1288569600000,"Delivered":25,"Consumed":29,"Cellar":3094},"143":{"BeginMon":1291161600000,"Delivered":15,"Consumed":31,"Cellar":3078},"144":{"BeginMon":1293840000000,"Delivered":4,"Consumed":26,"Cellar":3056},"145":{"BeginMon":1296518400000,"Delivered":3,"Consumed":18,"Cellar":3041},"146":{"BeginMon":1298937600000,"Delivered":22,"Consumed":18,"Cellar":3045},"147":{"BeginMon":1301616000000,"Delivered":44,"Consumed":29,"Cellar":3060},"148":{"BeginMon":1304208000000,"Delivered":4,"Consumed":30,"Cellar":3034},"149":{"BeginMon":1306886400000,"Delivered":12,"Consumed":34,"Cellar":3012},"150":{"BeginMon":1309478400000,"Delivered":0,"Consumed":14,"Cellar":2998},"151":{"BeginMon":1312156800000,"Delivered":0,"Consumed":31,"Cellar":2967},"152":{"BeginMon":1314835200000,"Delivered":11,"Consumed":33,"Cellar":2945},"153":{"BeginMon":1317427200000,"Delivered":12,"Consumed":15,"Cellar":2942},"154":{"BeginMon":1320105600000,"Delivered":15,"Consumed":28,"Cellar":2929},"155":{"BeginMon":1322697600000,"Delivered":19,"Consumed":20,"Cellar":2928},"156":{"BeginMon":1325376000000,"Delivered":19,"Consumed":20,"Cellar":2927},"157":{"BeginMon":1328054400000,"Delivered":2,"Consumed":22,"Cellar":2907},"158":{"BeginMon":1330560000000,"Delivered":37,"Consumed":19,"Cellar":2925},"159":{"BeginMon":1333238400000,"Delivered":24,"Consumed":22,"Cellar":2927},"160":{"BeginMon":1335830400000,"Delivered":24,"Consumed":25,"Cellar":2926},"161":{"BeginMon":1338508800000,"Delivered":7,"Consumed":34,"Cellar":2899},"162":{"BeginMon":1341100800000,"Delivered":10,"Consumed":28,"Cellar":2881},"163":{"BeginMon":1343779200000,"Delivered":37,"Consumed":39,"Cellar":2879},"164":{"BeginMon":1346457600000,"Delivered":19,"Consumed":39,"Cellar":2859},"165":{"BeginMon":1349049600000,"Delivered":18,"Consumed":25,"Cellar":2852},"166":{"BeginMon":1351728000000,"Delivered":66,"Consumed":36,"Cellar":2882},"167":{"BeginMon":1354320000000,"Delivered":31,"Consumed":28,"Cellar":2885},"168":{"BeginMon":1356998400000,"Delivered":6,"Consumed":24,"Cellar":2867},"169":{"BeginMon":1359676800000,"Delivered":38,"Consumed":27,"Cellar":2878},"170":{"BeginMon":1362096000000,"Delivered":63,"Consumed":36,"Cellar":2905},"171":{"BeginMon":1364774400000,"Delivered":25,"Consumed":27,"Cellar":2903},"172":{"BeginMon":1367366400000,"Delivered":15,"Consumed":33,"Cellar":2885},"173":{"BeginMon":1370044800000,"Delivered":20,"Consumed":30,"Cellar":2875},"174":{"BeginMon":1372636800000,"Delivered":14,"Consumed":50,"Cellar":2839},"175":{"BeginMon":1375315200000,"Delivered":20,"Consumed":15,"Cellar":2844},"176":{"BeginMon":1377993600000,"Delivered":14,"Consumed":19,"Cellar":2839},"177":{"BeginMon":1380585600000,"Delivered":45,"Consumed":14,"Cellar":2870},"178":{"BeginMon":1383264000000,"Delivered":40,"Consumed":27,"Cellar":2883},"179":{"BeginMon":1385856000000,"Delivered":9,"Consumed":25,"Cellar":2867},"180":{"BeginMon":1388534400000,"Delivered":1,"Consumed":17,"Cellar":2851},"181":{"BeginMon":1391212800000,"Delivered":21,"Consumed":18,"Cellar":2854},"182":{"BeginMon":1393632000000,"Delivered":80,"Consumed":18,"Cellar":2916},"183":{"BeginMon":1396310400000,"Delivered":27,"Consumed":22,"Cellar":2921},"184":{"BeginMon":1398902400000,"Delivered":31,"Consumed":24,"Cellar":2928},"185":{"BeginMon":1401580800000,"Delivered":976,"Consumed":14,"Cellar":3890},"186":{"BeginMon":1404172800000,"Delivered":33,"Consumed":11,"Cellar":3912},"187":{"BeginMon":1406851200000,"Delivered":10,"Consumed":30,"Cellar":3892},"188":{"BeginMon":1409529600000,"Delivered":18,"Consumed":25,"Cellar":3885},"189":{"BeginMon":1412121600000,"Delivered":3,"Consumed":57,"Cellar":3831},"190":{"BeginMon":1414800000000,"Delivered":57,"Consumed":81,"Cellar":3807},"191":{"BeginMon":1417392000000,"Delivered":25,"Consumed":82,"Cellar":3750},"192":{"BeginMon":1420070400000,"Delivered":2,"Consumed":23,"Cellar":3729},"193":{"BeginMon":1422748800000,"Delivered":146,"Consumed":30,"Cellar":3845},"194":{"BeginMon":1425168000000,"Delivered":9,"Consumed":21,"Cellar":3833},"195":{"BeginMon":1427846400000,"Delivered":57,"Consumed":68,"Cellar":3822},"196":{"BeginMon":1430438400000,"Delivered":25,"Consumed":29,"Cellar":3818},"197":{"BeginMon":1433116800000,"Delivered":15,"Consumed":28,"Cellar":3805},"198":{"BeginMon":1435708800000,"Delivered":0,"Consumed":11,"Cellar":3794},"199":{"BeginMon":1438387200000,"Delivered":1,"Consumed":18,"Cellar":3777},"200":{"BeginMon":1441065600000,"Delivered":44,"Consumed":110,"Cellar":3711},"201":{"BeginMon":1443657600000,"Delivered":46,"Consumed":15,"Cellar":3742},"202":{"BeginMon":1446336000000,"Delivered":57,"Consumed":27,"Cellar":3772},"203":{"BeginMon":1448928000000,"Delivered":82,"Consumed":305,"Cellar":3549},"204":{"BeginMon":1451606400000,"Delivered":1,"Consumed":7,"Cellar":3543},"205":{"BeginMon":1454284800000,"Delivered":1,"Consumed":9,"Cellar":3535},"206":{"BeginMon":1456790400000,"Delivered":4,"Consumed":10,"Cellar":3529},"207":{"BeginMon":1459468800000,"Delivered":9,"Consumed":32,"Cellar":3506},"208":{"BeginMon":1462060800000,"Delivered":70,"Consumed":118,"Cellar":3458},"209":{"BeginMon":1464739200000,"Delivered":0,"Consumed":15,"Cellar":3443},"210":{"BeginMon":1467331200000,"Delivered":7,"Consumed":10,"Cellar":3440},"211":{"BeginMon":1470009600000,"Delivered":3,"Consumed":40,"Cellar":3403},"212":{"BeginMon":1472688000000,"Delivered":0,"Consumed":7,"Cellar":3396},"213":{"BeginMon":1475280000000,"Delivered":2,"Consumed":21,"Cellar":3377},"214":{"BeginMon":1477958400000,"Delivered":141,"Consumed":63,"Cellar":3455},"215":{"BeginMon":1480550400000,"Delivered":44,"Consumed":285,"Cellar":3214},"216":{"BeginMon":1483228800000,"Delivered":64,"Consumed":24,"Cellar":3254},"217":{"BeginMon":1485907200000,"Delivered":5,"Consumed":27,"Cellar":3232},"218":{"BeginMon":1488326400000,"Delivered":67,"Consumed":23,"Cellar":3276},"219":{"BeginMon":1491004800000,"Delivered":4,"Consumed":12,"Cellar":3268},"220":{"BeginMon":1493596800000,"Delivered":23,"Consumed":29,"Cellar":3262},"221":{"BeginMon":1496275200000,"Delivered":5,"Consumed":20,"Cellar":3247},"222":{"BeginMon":1498867200000,"Delivered":19,"Consumed":8,"Cellar":3258},"223":{"BeginMon":1501545600000,"Delivered":2,"Consumed":31,"Cellar":3229},"224":{"BeginMon":1504224000000,"Delivered":21,"Consumed":32,"Cellar":3218},"225":{"BeginMon":1506816000000,"Delivered":26,"Consumed":37,"Cellar":3207},"226":{"BeginMon":1509494400000,"Delivered":39,"Consumed":21,"Cellar":3225},"227":{"BeginMon":1512086400000,"Delivered":45,"Consumed":29,"Cellar":3241},"228":{"BeginMon":1514764800000,"Delivered":23,"Consumed":25,"Cellar":3239},"229":{"BeginMon":1517443200000,"Delivered":10,"Consumed":24,"Cellar":3225},"230":{"BeginMon":1519862400000,"Delivered":43,"Consumed":37,"Cellar":3231},"231":{"BeginMon":1522540800000,"Delivered":18,"Consumed":16,"Cellar":3233},"232":{"BeginMon":1525132800000,"Delivered":22,"Consumed":39,"Cellar":3216},"233":{"BeginMon":1527811200000,"Delivered":8,"Consumed":43,"Cellar":3181},"234":{"BeginMon":1530403200000,"Delivered":1,"Consumed":37,"Cellar":3145},"235":{"BeginMon":1533081600000,"Delivered":21,"Consumed":33,"Cellar":3133},"236":{"BeginMon":1535760000000,"Delivered":7,"Consumed":67,"Cellar":3073},"237":{"BeginMon":1538352000000,"Delivered":25,"Consumed":30,"Cellar":3068},"238":{"BeginMon":1541030400000,"Delivered":34,"Consumed":35,"Cellar":3067},"239":{"BeginMon":1543622400000,"Delivered":5,"Consumed":32,"Cellar":3040},"240":{"BeginMon":1546300800000,"Delivered":19,"Consumed":35,"Cellar":3024},"241":{"BeginMon":1548979200000,"Delivered":2,"Consumed":38,"Cellar":2988},"242":{"BeginMon":1551398400000,"Delivered":1,"Consumed":23,"Cellar":2966},"243":{"BeginMon":1554076800000,"Delivered":9,"Consumed":19,"Cellar":2956},"244":{"BeginMon":1556668800000,"Delivered":21,"Consumed":37,"Cellar":2940},"245":{"BeginMon":1559347200000,"Delivered":17,"Consumed":18,"Cellar":2939},"246":{"BeginMon":1561939200000,"Delivered":9,"Consumed":17,"Cellar":2931},"247":{"BeginMon":1564617600000,"Delivered":4,"Consumed":42,"Cellar":2893},"248":{"BeginMon":1567296000000,"Delivered":34,"Consumed":78,"Cellar":2849},"249":{"BeginMon":1569888000000,"Delivered":16,"Consumed":28,"Cellar":2837},"250":{"BeginMon":1572566400000,"Delivered":7,"Consumed":29,"Cellar":2815},"251":{"BeginMon":1575158400000,"Delivered":3,"Consumed":23,"Cellar":2795},"252":{"BeginMon":1577836800000,"Delivered":24,"Consumed":34,"Cellar":2785},"253":{"BeginMon":1580515200000,"Delivered":1,"Consumed":5,"Cellar":2781},"254":{"BeginMon":1583020800000,"Delivered":0,"Consumed":5,"Cellar":2776},"255":{"BeginMon":1585699200000,"Delivered":36,"Consumed":13,"Cellar":2799},"256":{"BeginMon":1588291200000,"Delivered":54,"Consumed":19,"Cellar":2834},"257":{"BeginMon":1590969600000,"Delivered":67,"Consumed":26,"Cellar":2875},"258":{"BeginMon":1593561600000,"Delivered":47,"Consumed":34,"Cellar":2888},"259":{"BeginMon":1596240000000,"Delivered":12,"Consumed":42,"Cellar":2858},"260":{"BeginMon":1598918400000,"Delivered":10,"Consumed":36,"Cellar":2832},"261":{"BeginMon":1601510400000,"Delivered":91,"Consumed":36,"Cellar":2887},"262":{"BeginMon":1604188800000,"Delivered":69,"Consumed":24,"Cellar":2932},"263":{"BeginMon":1606780800000,"Delivered":31,"Consumed":17,"Cellar":2946},"264":{"BeginMon":1609459200000,"Delivered":34,"Consumed":20,"Cellar":2960},"265":{"BeginMon":1612137600000,"Delivered":20,"Consumed":22,"Cellar":2958},"266":{"BeginMon":1614556800000,"Delivered":86,"Consumed":21,"Cellar":3023},"267":{"BeginMon":1617235200000,"Delivered":9,"Consumed":16,"Cellar":3016},"268":{"BeginMon":1619827200000,"Delivered":31,"Consumed":26,"Cellar":3021},"269":{"BeginMon":1622505600000,"Delivered":3,"Consumed":21,"Cellar":3003},"270":{"BeginMon":1625097600000,"Delivered":14,"Consumed":34,"Cellar":2983},"271":{"BeginMon":1627776000000,"Delivered":24,"Consumed":39,"Cellar":2968},"272":{"BeginMon":1630454400000,"Delivered":17,"Consumed":24,"Cellar":2961},"273":{"BeginMon":1633046400000,"Delivered":12,"Consumed":26,"Cellar":2947},"274":{"BeginMon":1635724800000,"Delivered":6,"Consumed":23,"Cellar":2930},"275":{"BeginMon":1638316800000,"Delivered":136,"Consumed":64,"Cellar":3002},"276":{"BeginMon":1640995200000,"Delivered":55,"Consumed":37,"Cellar":3020},"277":{"BeginMon":1643673600000,"Delivered":32,"Consumed":25,"Cellar":3027},"278":{"BeginMon":1646092800000,"Delivered":20,"Consumed":28,"Cellar":3019},"279":{"BeginMon":1648771200000,"Delivered":9,"Consumed":17,"Cellar":3011},"280":{"BeginMon":1651363200000,"Delivered":136,"Consumed":22,"Cellar":3125},"281":{"BeginMon":1654041600000,"Delivered":31,"Consumed":69,"Cellar":3087},"282":{"BeginMon":1656633600000,"Delivered":27,"Consumed":39,"Cellar":3075},"283":{"BeginMon":1659312000000,"Delivered":15,"Consumed":50,"Cellar":3040},"284":{"BeginMon":1661990400000,"Delivered":14,"Consumed":32,"Cellar":3022},"285":{"BeginMon":1664582400000,"Delivered":129,"Consumed":29,"Cellar":3122},"286":{"BeginMon":1667260800000,"Delivered":24,"Consumed":30,"Cellar":3116},"287":{"BeginMon":1669852800000,"Delivered":18,"Consumed":33,"Cellar":3101},"288":{"BeginMon":1672531200000,"Delivered":22,"Consumed":31,"Cellar":3092},"289":{"BeginMon":1675209600000,"Delivered":12,"Consumed":52,"Cellar":3052},"290":{"BeginMon":1677628800000,"Delivered":18,"Consumed":21,"Cellar":3049},"291":{"BeginMon":1680307200000,"Delivered":32,"Consumed":29,"Cellar":3052},"292":{"BeginMon":1682899200000,"Delivered":67,"Consumed":132,"Cellar":2987},"293":{"BeginMon":1685577600000,"Delivered":8,"Consumed":45,"Cellar":2950},"294":{"BeginMon":1688169600000,"Delivered":14,"Consumed":24,"Cellar":2940},"295":{"BeginMon":1690848000000,"Delivered":0,"Consumed":0,"Cellar":2940},"296":{"BeginMon":1693526400000,"Delivered":0,"Consumed":0,"Cellar":2940},"297":{"BeginMon":1696118400000,"Delivered":73,"Consumed":0,"Cellar":3013},"298":{"BeginMon":1698796800000,"Delivered":0,"Consumed":0,"Cellar":3013},"299":{"BeginMon":1701388800000,"Delivered":0,"Consumed":0,"Cellar":3013},"300":{"BeginMon":1704067200000,"Delivered":0,"Consumed":0,"Cellar":3013},"301":{"BeginMon":1706745600000,"Delivered":0,"Consumed":0,"Cellar":3013},"302":{"BeginMon":1709251200000,"Delivered":0,"Consumed":0,"Cellar":3013},"303":{"BeginMon":1711929600000,"Delivered":0,"Consumed":0,"Cellar":3013},"304":{"BeginMon":1714521600000,"Delivered":13,"Consumed":0,"Cellar":3026},"305":{"BeginMon":1717200000000,"Delivered":0,"Consumed":0,"Cellar":3026},"306":{"BeginMon":1719792000000,"Delivered":0,"Consumed":0,"Cellar":3026},"307":{"BeginMon":1722470400000,"Delivered":0,"Consumed":0,"Cellar":3026},"308":{"BeginMon":1725148800000,"Delivered":0,"Consumed":0,"Cellar":3026},"309":{"BeginMon":1727740800000,"Delivered":0,"Consumed":0,"Cellar":3026},"310":{"BeginMon":1730419200000,"Delivered":0,"Consumed":0,"Cellar":3026},"311":{"BeginMon":1733011200000,"Delivered":0,"Consumed":0,"Cellar":3026}}